{"cameraMode":{"drawMode":0,"name":"Shaded","section":"Shading Mode"},"sceneLighting":true,"audioPlay":false,"sceneViewState":{"showFog":false,"showMaterialUpdate":false,"showSkybox":false,"showFlares":false,"showImageEffects":false,"showParticleSystems":false},"in2DMode":false,"pivot":{"x":3.6038596630096437,"y":0.11364525556564331,"z":-0.8561955690383911},"rotation":{"x":0.0075857085175812248,"y":0.9339814186096191,"z":-0.01991233415901661,"w":0.35668569803237917},"size":7.779366970062256,"orthographic":false}